{
  "run_id": "xdeepfm_movielens_cin64",
  "timestamp": "2026-02-21T16:57:35",
  "config": {
    "model_name": "xdeepfm",
    "seed": 42,
    "device": "auto",
    "output_dir": "outputs/xdeepfm_movielens_cin64",
    "data": {
      "dataset_name": "movielens",
      "data_dir": "data/ml-100k",
      "split_strategy": "leave_one_out",
      "min_interactions": 3,
      "label_threshold": 4.0,
      "num_neg_train": 4,
      "num_neg_eval": 999
    },
    "feature": {
      "fm_embed_dim": 16,
      "embedding_l2_reg": 1e-05
    },
    "fm": {
      "use_first_order": true,
      "use_second_order": true
    },
    "dnn": {
      "hidden_units": [
        256,
        128,
        64
      ],
      "activation": "relu",
      "dropout": 0.1,
      "use_batch_norm": true
    },
    "cin": {
      "layer_sizes": [
        64
      ],
      "split_half": true
    },
    "attention": {
      "num_heads": 4,
      "attention_dim": 64,
      "num_layers": 1,
      "use_residual": true
    },
    "training": {
      "num_epochs": 50,
      "batch_size": 4096,
      "lr": 0.0005,
      "optimizer": "adam",
      "scheduler": "reduce_on_plateau",
      "early_stopping_patience": 5,
      "metric": "auc",
      "gradient_clip_norm": 1.0
    }
  },
  "val_metrics": {
    "auc": 0.9159529802941875,
    "logloss": 0.0598865881500957,
    "HR@5": 0.1440162271805274,
    "NDCG@5": 0.09603639818446391,
    "HR@10": 0.2434077079107505,
    "NDCG@10": 0.12732844475932859,
    "HR@20": 0.35294117647058826,
    "NDCG@20": 0.15505892798744333
  },
  "test_metrics": {
    "auc": 0.9068016845924309,
    "logloss": 0.05325517797985782,
    "HR@5": 0.13580246913580246,
    "NDCG@5": 0.08737915047128152,
    "HR@10": 0.22016460905349794,
    "NDCG@10": 0.11448341965135535,
    "HR@20": 0.345679012345679,
    "NDCG@20": 0.14628921146766347
  },
  "training_info": {
    "best_epoch": 23,
    "total_epochs": 28
  }
}