{
  "run_id": "xdeepfm_mvl",
  "timestamp": "2026-02-21T21:32:48",
  "config": {
    "model_name": "xdeepfm",
    "seed": 42,
    "device": "auto",
    "output_dir": "outputs/xdeepfm_mvl",
    "data": {
      "dataset_name": "movielens",
      "data_dir": "data/ml-100k",
      "split_strategy": "temporal",
      "temporal_val_ratio": 0.1,
      "temporal_test_ratio": 0.1,
      "neg_sampling_alpha": 0.75,
      "min_interactions": 3,
      "label_threshold": 4.0,
      "num_neg_train": 4,
      "num_neg_eval": 999
    },
    "feature": {
      "fm_embed_dim": 16,
      "embedding_l2_reg": 1e-05
    },
    "fm": {
      "use_first_order": true,
      "use_second_order": true
    },
    "dnn": {
      "hidden_units": [
        256,
        128,
        64
      ],
      "activation": "relu",
      "dropout": 0.1,
      "use_batch_norm": true
    },
    "cin": {
      "layer_sizes": [
        128,
        128
      ],
      "split_half": true
    },
    "attention": {
      "num_heads": 4,
      "attention_dim": 64,
      "num_layers": 1,
      "use_residual": true
    },
    "training": {
      "num_epochs": 50,
      "batch_size": 4096,
      "lr": 0.001,
      "optimizer": "adam",
      "scheduler": "reduce_on_plateau",
      "early_stopping_patience": 5,
      "metric": "auc",
      "gradient_clip_norm": 1.0,
      "ranking_ks": [
        1,
        5,
        10,
        20
      ]
    }
  },
  "val_metrics": {
    "auc": 0.7351827185513262,
    "logloss": 0.19475377578227998,
    "HR@1": 0.014285714285714285,
    "NDCG@1": 0.014285714285714285,
    "HR@5": 0.04285714285714286,
    "NDCG@5": 0.026955040103350595,
    "HR@10": 0.07142857142857142,
    "NDCG@10": 0.03538496613166301,
    "HR@20": 0.14285714285714285,
    "NDCG@20": 0.05430611141956068
  },
  "test_metrics": {
    "auc": 0.660773832686773,
    "logloss": 0.18084704237196034,
    "HR@1": 0.05263157894736842,
    "NDCG@1": 0.05263157894736842,
    "HR@5": 0.05263157894736842,
    "NDCG@5": 0.05263157894736842,
    "HR@10": 0.10526315789473684,
    "NDCG@10": 0.06923499351503837,
    "HR@20": 0.12280701754385964,
    "NDCG@20": 0.07362095842731907
  },
  "training_info": {
    "best_epoch": 22,
    "total_epochs": 27
  }
}