{
  "run_id": "deepfm_movielens",
  "timestamp": "2026-02-21T12:52:04",
  "config": {
    "model_name": "deepfm",
    "seed": 42,
    "device": "auto",
    "output_dir": "outputs/deepfm_movielens",
    "data": {
      "dataset_name": "movielens",
      "data_dir": "data/ml-100k",
      "split_strategy": "leave_one_out",
      "min_interactions": 3,
      "label_threshold": 4.0,
      "num_neg_train": 4,
      "num_neg_eval": 999
    },
    "feature": {
      "fm_embed_dim": 16,
      "embedding_l2_reg": 1e-05
    },
    "fm": {
      "use_first_order": true,
      "use_second_order": true
    },
    "dnn": {
      "hidden_units": [
        256,
        128,
        64
      ],
      "activation": "relu",
      "dropout": 0.1,
      "use_batch_norm": true
    },
    "cin": {
      "layer_sizes": [
        128,
        128
      ],
      "split_half": true
    },
    "attention": {
      "num_heads": 4,
      "attention_dim": 64,
      "num_layers": 1,
      "use_residual": true
    },
    "training": {
      "num_epochs": 50,
      "batch_size": 4096,
      "lr": 0.001,
      "optimizer": "adam",
      "scheduler": "reduce_on_plateau",
      "early_stopping_patience": 5,
      "metric": "auc",
      "gradient_clip_norm": 1.0
    }
  },
  "val_metrics": {
    "auc": 0.915651368259297,
    "logloss": 0.055668316089096344,
    "HR@5": 0.1359026369168357,
    "NDCG@5": 0.08923394410460678,
    "HR@10": 0.20689655172413793,
    "NDCG@10": 0.11164414447887151,
    "HR@20": 0.3286004056795132,
    "NDCG@20": 0.14262730639733867
  },
  "test_metrics": {
    "auc": 0.9063174536941302,
    "logloss": 0.05818618431064015,
    "HR@5": 0.13991769547325103,
    "NDCG@5": 0.09210859003227971,
    "HR@10": 0.21604938271604937,
    "NDCG@10": 0.11665964743884107,
    "HR@20": 0.3477366255144033,
    "NDCG@20": 0.15001817619038704
  },
  "training_info": {
    "best_epoch": 13,
    "total_epochs": 18
  }
}