{
  "run_id": "attention_deepfm_movielens",
  "timestamp": "2026-02-21T18:09:38",
  "config": {
    "model_name": "attention_deepfm",
    "seed": 42,
    "device": "auto",
    "output_dir": "outputs/attention_deepfm_movielens",
    "data": {
      "dataset_name": "movielens",
      "data_dir": "data/ml-100k",
      "split_strategy": "leave_one_out",
      "min_interactions": 3,
      "label_threshold": 4.0,
      "num_neg_train": 4,
      "num_neg_eval": 999
    },
    "feature": {
      "fm_embed_dim": 16,
      "embedding_l2_reg": 1e-05
    },
    "fm": {
      "use_first_order": true,
      "use_second_order": true
    },
    "dnn": {
      "hidden_units": [
        256,
        128,
        64
      ],
      "activation": "relu",
      "dropout": 0.1,
      "use_batch_norm": true
    },
    "cin": {
      "layer_sizes": [
        128,
        128
      ],
      "split_half": true
    },
    "attention": {
      "num_heads": 4,
      "attention_dim": 64,
      "num_layers": 1,
      "use_residual": true
    },
    "training": {
      "num_epochs": 50,
      "batch_size": 4096,
      "lr": 0.001,
      "optimizer": "adam",
      "scheduler": "reduce_on_plateau",
      "early_stopping_patience": 5,
      "metric": "auc",
      "gradient_clip_norm": 1.0
    }
  },
  "val_metrics": {
    "auc": 0.9138487156389424,
    "logloss": 0.06584280874787074,
    "HR@5": 0.1359026369168357,
    "NDCG@5": 0.08668637847925872,
    "HR@10": 0.2231237322515213,
    "NDCG@10": 0.11450199647364075,
    "HR@20": 0.35496957403651114,
    "NDCG@20": 0.14732701323283512
  },
  "test_metrics": {
    "auc": 0.9045446345200464,
    "logloss": 0.06084390553268797,
    "HR@5": 0.12757201646090535,
    "NDCG@5": 0.08331750682937383,
    "HR@10": 0.20164609053497942,
    "NDCG@10": 0.10738427033591921,
    "HR@20": 0.33539094650205764,
    "NDCG@20": 0.14035248679157897
  },
  "training_info": {
    "best_epoch": 11,
    "total_epochs": 16
  }
}