{
  "run_id": "attention_deepfm_movielens",
  "timestamp": "2026-03-15T12:03:06",
  "config": {
    "model_name": "attention_deepfm",
    "seed": 42,
    "device": "auto",
    "output_dir": "outputs/attention_deepfm_movielens",
    "data": {
      "dataset_name": "movielens",
      "data_dir": "data/ml-100k",
      "split_strategy": "temporal",
      "temporal_val_ratio": 0.1,
      "temporal_test_ratio": 0.1,
      "neg_sampling_alpha": 0.75,
      "min_interactions": 3,
      "label_threshold": 4.0,
      "num_neg_train": 4,
      "num_neg_eval": 999
    },
    "feature": {
      "fm_embed_dim": 16,
      "embedding_l2_reg": 1e-05
    },
    "fm": {
      "use_first_order": true,
      "use_second_order": true
    },
    "dnn": {
      "hidden_units": [
        256,
        128,
        64
      ],
      "activation": "relu",
      "dropout": 0.1,
      "use_batch_norm": true
    },
    "cin": {
      "layer_sizes": [
        128,
        128
      ],
      "split_half": true
    },
    "attention": {
      "num_heads": 4,
      "attention_dim": 64,
      "num_layers": 1,
      "use_residual": true
    },
    "training": {
      "num_epochs": 50,
      "batch_size": 4096,
      "lr": 0.001,
      "optimizer": "adam",
      "scheduler": "reduce_on_plateau",
      "early_stopping_patience": 5,
      "metric": "auc",
      "gradient_clip_norm": 1.0,
      "ranking_ks": [
        1,
        5,
        10,
        20
      ]
    }
  },
  "val_metrics": {
    "auc": 0.7524282118750715,
    "logloss": 0.21013924816869453,
    "HR@1": 0.08571428571428572,
    "NDCG@1": 0.08571428571428572,
    "HR@5": 0.1,
    "NDCG@5": 0.09186680797247704,
    "HR@10": 0.11428571428571428,
    "NDCG@10": 0.095996305491304,
    "HR@20": 0.17142857142857143,
    "NDCG@20": 0.10995499528183668
  },
  "test_metrics": {
    "auc": 0.6695912081357218,
    "logloss": 0.1718791386091083,
    "HR@1": 0.03508771929824561,
    "NDCG@1": 0.03508771929824561,
    "HR@5": 0.07017543859649122,
    "NDCG@5": 0.0537123914323658,
    "HR@10": 0.08771929824561403,
    "NDCG@10": 0.05996164032899776,
    "HR@20": 0.12280701754385964,
    "NDCG@20": 0.0689146431151537
  },
  "training_info": {
    "best_epoch": 13,
    "total_epochs": 18
  }
}