{
  "run_id": "xdeepfm_movielens",
  "timestamp": "2026-03-15T15:30:59",
  "config": {
    "model_name": "xdeepfm",
    "seed": 42,
    "device": "auto",
    "output_dir": "outputs/xdeepfm_movielens",
    "data": {
      "dataset_name": "movielens",
      "data_dir": "data/ml-100k",
      "split_strategy": "temporal",
      "temporal_val_ratio": 0.1,
      "temporal_test_ratio": 0.1,
      "neg_sampling_alpha": 0.75,
      "min_interactions": 3,
      "label_threshold": 4.0,
      "num_neg_train": 4,
      "num_neg_eval": 999
    },
    "feature": {
      "fm_embed_dim": 16,
      "embedding_l2_reg": 1e-05
    },
    "fm": {
      "use_first_order": true,
      "use_second_order": true
    },
    "dnn": {
      "hidden_units": [
        256,
        128,
        64
      ],
      "activation": "relu",
      "dropout": 0.1,
      "use_batch_norm": true
    },
    "cin": {
      "layer_sizes": [
        64
      ],
      "split_half": true
    },
    "attention": {
      "num_heads": 4,
      "attention_dim": 64,
      "num_layers": 1,
      "use_residual": true
    },
    "training": {
      "num_epochs": 50,
      "batch_size": 4096,
      "lr": 0.001,
      "optimizer": "adam",
      "scheduler": "reduce_on_plateau",
      "early_stopping_patience": 5,
      "metric": "auc",
      "gradient_clip_norm": 1.0,
      "ranking_ks": [
        1,
        5,
        10,
        20
      ]
    }
  },
  "val_metrics": {
    "auc": 0.7567526598787324,
    "logloss": 0.203648124150423,
    "HR@1": 0.05714285714285714,
    "NDCG@1": 0.05714285714285714,
    "HR@5": 0.1,
    "NDCG@5": 0.07659075880209694,
    "HR@10": 0.12857142857142856,
    "NDCG@10": 0.08519161582106784,
    "HR@20": 0.2571428571428571,
    "NDCG@20": 0.117288578102703
  },
  "test_metrics": {
    "auc": 0.6625365067011499,
    "logloss": 0.18259011906014852,
    "HR@1": 0.03508771929824561,
    "NDCG@1": 0.03508771929824561,
    "HR@5": 0.03508771929824561,
    "NDCG@5": 0.03508771929824561,
    "HR@10": 0.08771929824561403,
    "NDCG@10": 0.052657529833928636,
    "HR@20": 0.12280701754385964,
    "NDCG@20": 0.06165138132580923
  },
  "training_info": {
    "best_epoch": 36,
    "total_epochs": 41
  }
}