{
  "run_id": "xdeepfm_cin_tuned",
  "timestamp": "2026-03-15T15:52:05",
  "config": {
    "model_name": "xdeepfm",
    "seed": 42,
    "device": "auto",
    "output_dir": "outputs/xdeepfm_cin_tuned",
    "data": {
      "dataset_name": "movielens",
      "data_dir": "data/ml-100k",
      "split_strategy": "temporal",
      "temporal_val_ratio": 0.1,
      "temporal_test_ratio": 0.1,
      "neg_sampling_alpha": 0.75,
      "min_interactions": 3,
      "label_threshold": 4.0,
      "num_neg_train": 4,
      "num_neg_eval": 999
    },
    "feature": {
      "fm_embed_dim": 16,
      "embedding_l2_reg": 1e-05
    },
    "fm": {
      "use_first_order": true,
      "use_second_order": true
    },
    "dnn": {
      "hidden_units": [
        256,
        128,
        64
      ],
      "activation": "relu",
      "dropout": 0.1,
      "use_batch_norm": true
    },
    "cin": {
      "layer_sizes": [
        128,
        128,
        64
      ],
      "split_half": true
    },
    "attention": {
      "num_heads": 4,
      "attention_dim": 64,
      "num_layers": 1,
      "use_residual": true
    },
    "training": {
      "num_epochs": 50,
      "batch_size": 4096,
      "lr": 0.001,
      "optimizer": "adam",
      "scheduler": "reduce_on_plateau",
      "early_stopping_patience": 5,
      "metric": "auc",
      "gradient_clip_norm": 1.0,
      "ranking_ks": [
        1,
        5,
        10,
        20
      ]
    }
  },
  "val_metrics": {
    "auc": 0.7475237795610179,
    "logloss": 0.253110110599291,
    "HR@1": 0.02857142857142857,
    "NDCG@1": 0.02857142857142857,
    "HR@5": 0.07142857142857142,
    "NDCG@5": 0.05088009016635501,
    "HR@10": 0.11428571428571428,
    "NDCG@10": 0.06439869029621059,
    "HR@20": 0.12857142857142856,
    "NDCG@20": 0.06838358951979816
  },
  "test_metrics": {
    "auc": 0.6578280319086822,
    "logloss": 0.18321816624386564,
    "HR@1": 0.03508771929824561,
    "NDCG@1": 0.03508771929824561,
    "HR@5": 0.07017543859649122,
    "NDCG@5": 0.0537123914323658,
    "HR@10": 0.10526315789473684,
    "NDCG@10": 0.06385501691720397,
    "HR@20": 0.14035087719298245,
    "NDCG@20": 0.07313471771810097
  },
  "training_info": {
    "best_epoch": 8,
    "total_epochs": 13
  }
}