{
  "run_id": "deepfm_mvl",
  "timestamp": "2026-02-21T21:09:46",
  "config": {
    "model_name": "deepfm",
    "seed": 42,
    "device": "auto",
    "output_dir": "outputs/deepfm_mvl",
    "data": {
      "dataset_name": "movielens",
      "data_dir": "data/ml-100k",
      "split_strategy": "temporal",
      "temporal_val_ratio": 0.1,
      "temporal_test_ratio": 0.1,
      "neg_sampling_alpha": 0.75,
      "min_interactions": 3,
      "label_threshold": 4.0,
      "num_neg_train": 4,
      "num_neg_eval": 999
    },
    "feature": {
      "fm_embed_dim": 16,
      "embedding_l2_reg": 1e-05
    },
    "fm": {
      "use_first_order": true,
      "use_second_order": true
    },
    "dnn": {
      "hidden_units": [
        256,
        128,
        64
      ],
      "activation": "relu",
      "dropout": 0.1,
      "use_batch_norm": true
    },
    "cin": {
      "layer_sizes": [
        128,
        128
      ],
      "split_half": true
    },
    "attention": {
      "num_heads": 4,
      "attention_dim": 64,
      "num_layers": 1,
      "use_residual": true
    },
    "training": {
      "num_epochs": 50,
      "batch_size": 4096,
      "lr": 0.001,
      "optimizer": "adam",
      "scheduler": "reduce_on_plateau",
      "early_stopping_patience": 5,
      "metric": "auc",
      "gradient_clip_norm": 1.0,
      "ranking_ks": [
        1,
        5,
        10,
        20
      ]
    }
  },
  "val_metrics": {
    "auc": 0.7164834850540147,
    "logloss": 0.20069718901973319,
    "HR@1": 0.08571428571428572,
    "NDCG@1": 0.08571428571428572,
    "HR@5": 0.1,
    "NDCG@5": 0.09472756790816368,
    "HR@10": 0.15714285714285714,
    "NDCG@10": 0.11333484213956244,
    "HR@20": 0.18571428571428572,
    "NDCG@20": 0.1200661375642466
  },
  "test_metrics": {
    "auc": 0.6242284642429206,
    "logloss": 0.18478832692676916,
    "HR@1": 0.05263157894736842,
    "NDCG@1": 0.05263157894736842,
    "HR@5": 0.05263157894736842,
    "NDCG@5": 0.05263157894736842,
    "HR@10": 0.05263157894736842,
    "NDCG@10": 0.05263157894736842,
    "HR@20": 0.07017543859649122,
    "NDCG@20": 0.057525314835984734
  },
  "training_info": {
    "best_epoch": 24,
    "total_epochs": 29
  }
}