{
  "run_id": "attn_reg",
  "timestamp": "2026-02-21T20:14:21",
  "config": {
    "model_name": "attention_deepfm",
    "seed": 42,
    "device": "auto",
    "output_dir": "outputs/attn_reg",
    "data": {
      "dataset_name": "movielens",
      "data_dir": "data/ml-100k",
      "split_strategy": "leave_one_out",
      "min_interactions": 3,
      "label_threshold": 4.0,
      "num_neg_train": 4,
      "num_neg_eval": 999
    },
    "feature": {
      "fm_embed_dim": 16,
      "embedding_l2_reg": 1e-05
    },
    "fm": {
      "use_first_order": true,
      "use_second_order": true
    },
    "dnn": {
      "hidden_units": [
        256,
        128,
        64
      ],
      "activation": "relu",
      "dropout": 0.3,
      "use_batch_norm": true
    },
    "cin": {
      "layer_sizes": [
        128,
        128
      ],
      "split_half": true
    },
    "attention": {
      "num_heads": 4,
      "attention_dim": 64,
      "num_layers": 1,
      "use_residual": true
    },
    "training": {
      "num_epochs": 50,
      "batch_size": 4096,
      "lr": 0.001,
      "optimizer": "adam",
      "scheduler": "reduce_on_plateau",
      "early_stopping_patience": 5,
      "metric": "auc",
      "gradient_clip_norm": 1.0
    }
  },
  "val_metrics": {
    "auc": 0.9143174967696709,
    "logloss": 0.06565964965374654,
    "HR@5": 0.12778904665314403,
    "NDCG@5": 0.08442486287189696,
    "HR@10": 0.22920892494929007,
    "NDCG@10": 0.11681407207553876,
    "HR@20": 0.34685598377281945,
    "NDCG@20": 0.1457461319830411
  },
  "test_metrics": {
    "auc": 0.9023079409889455,
    "logloss": 0.059265817100780875,
    "HR@5": 0.12757201646090535,
    "NDCG@5": 0.08291879233745379,
    "HR@10": 0.20164609053497942,
    "NDCG@10": 0.10621902940458583,
    "HR@20": 0.3292181069958848,
    "NDCG@20": 0.1382286485135589
  },
  "training_info": {
    "best_epoch": 12,
    "total_epochs": 17
  }
}