{
  "run_id": "attn_reg",
  "timestamp": "2026-02-21T21:45:58",
  "config": {
    "model_name": "attention_deepfm",
    "seed": 42,
    "device": "auto",
    "output_dir": "outputs/attn_reg",
    "data": {
      "dataset_name": "movielens",
      "data_dir": "data/ml-100k",
      "split_strategy": "temporal",
      "temporal_val_ratio": 0.1,
      "temporal_test_ratio": 0.1,
      "neg_sampling_alpha": 0.75,
      "min_interactions": 3,
      "label_threshold": 4.0,
      "num_neg_train": 4,
      "num_neg_eval": 999
    },
    "feature": {
      "fm_embed_dim": 16,
      "embedding_l2_reg": 1e-05
    },
    "fm": {
      "use_first_order": true,
      "use_second_order": true
    },
    "dnn": {
      "hidden_units": [
        256,
        128,
        64
      ],
      "activation": "relu",
      "dropout": 0.3,
      "use_batch_norm": true
    },
    "cin": {
      "layer_sizes": [
        128,
        128
      ],
      "split_half": true
    },
    "attention": {
      "num_heads": 4,
      "attention_dim": 64,
      "num_layers": 1,
      "use_residual": true
    },
    "training": {
      "num_epochs": 50,
      "batch_size": 4096,
      "lr": 0.001,
      "optimizer": "adam",
      "scheduler": "reduce_on_plateau",
      "early_stopping_patience": 5,
      "metric": "auc",
      "gradient_clip_norm": 1.0,
      "ranking_ks": [
        1,
        5,
        10,
        20
      ]
    }
  },
  "val_metrics": {
    "auc": 0.7132158383316718,
    "logloss": 0.1995409685395047,
    "HR@1": 0.04285714285714286,
    "NDCG@1": 0.04285714285714286,
    "HR@5": 0.04285714285714286,
    "NDCG@5": 0.04285714285714286,
    "HR@10": 0.07142857142857142,
    "NDCG@10": 0.052075314477513,
    "HR@20": 0.12857142857142856,
    "NDCG@20": 0.06598161076429729
  },
  "test_metrics": {
    "auc": 0.6158187129367825,
    "logloss": 0.2021665058338452,
    "HR@1": 0.017543859649122806,
    "NDCG@1": 0.017543859649122806,
    "HR@5": 0.017543859649122806,
    "NDCG@5": 0.017543859649122806,
    "HR@10": 0.017543859649122806,
    "NDCG@10": 0.017543859649122806,
    "HR@20": 0.05263157894736842,
    "NDCG@20": 0.026823560450019823
  },
  "training_info": {
    "best_epoch": 17,
    "total_epochs": 22
  }
}